{
  "angles": {
    "elbow_L": 129.90927124023438,
    "elbow_R": 145.4644775390625,
    "shoulder_L": 55.71463394165039,
    "shoulder_R": 1.031734585762024,
    "hip_L": 178.1888885498047,
    "hip_R": 174.74913024902344,
    "wrist_L": 150.45538330078125,
    "wrist_R": 178.4906463623047
  },
  "kp_img_norm": [
    [
      0.4517422318458557,
      0.489434152841568,
      -0.2626928687095642
    ],
    [
      0.4529942274093628,
      0.47181326150894165,
      -0.22821587324142456
    ],
    [
      0.4566199779510498,
      0.47350645065307617,
      -0.22816254198551178
    ],
    [
      0.4607239365577698,
      0.4749228358268738,
      -0.22807306051254272
    ],
    [
      0.4392836093902588,
      0.46968865394592285,
      -0.25233426690101624
    ],
    [
      0.4330442547798157,
      0.47095683217048645,
      -0.2522166669368744
    ],
    [
      0.4271240234375,
      0.4726349711418152,
      -0.25240346789360046
    ],
    [
      0.46220237016677856,
      0.49381858110427856,
      -0.055381279438734055
    ],
    [
      0.4135443866252899,
      0.4962795078754425,
      -0.1604928970336914
    ],
    [
      0.4596659243106842,
      0.5196555256843567,
      -0.19974544644355774
    ],
    [
      0.4423249363899231,
      0.519133448600769,
      -0.2297489196062088
    ],
    [
      0.49863719940185547,
      0.6437333822250366,
      0.09614048153162003
    ],
    [
      0.3925735354423523,
      0.6362409591674805,
      -0.23336130380630493
    ],
    [
      0.5927859544754028,
      0.7055277824401855,
      0.1933835744857788
    ],
    [
      0.4191060960292816,
      0.8423850536346436,
      -0.39763712882995605
    ],
    [
      0.695500373840332,
      0.6744931936264038,
      0.12683270871639252
    ],
    [
      0.5177696943283081,
      0.9524645805358887,
      -0.5176879167556763
    ],
    [
      0.7232260704040527,
      0.6523787975311279,
      0.11379033327102661
    ],
    [
      0.5344910025596619,
      0.9905069470405579,
      -0.5583198070526123
    ],
    [
      0.7261764407157898,
      0.6423290967941284,
      0.07880314439535141
    ],
    [
      0.541748583316803,
      0.9806792736053467,
      -0.5780969262123108
    ],
    [
      0.7172932624816895,
      0.6608179807662964,
      0.1047704741358757
    ],
    [
      0.5333089828491211,
      0.9639625549316406,
      -0.5267658829689026
    ],
    [
      0.5046414732933044,
      0.9854816198348999,
      0.06948484480381012
    ],
    [
      0.43146005272865295,
      0.9883357286453247,
      -0.06816048175096512
    ],
    [
      0.5184885859489441,
      1.2668319940567017,
      0.07549707591533661
    ],
    [
      0.4367009997367859,
      1.2738735675811768,
      -0.0856303721666336
    ],
    [
      0.5243412852287292,
      1.5181571245193481,
      0.27320441603660583
    ],
    [
      0.4485669732093811,
      1.5279905796051025,
      0.04599960520863533
    ],
    [
      0.5272289514541626,
      1.549820899963379,
      0.27979791164398193
    ],
    [
      0.44368964433670044,
      1.5592402219772339,
      0.05128663405776024
    ],
    [
      0.5237405300140381,
      1.6017727851867676,
      0.10793808102607727
    ],
    [
      0.4712268114089966,
      1.611882209777832,
      -0.16303375363349915
    ]
  ],
  "tolerances": {
    "elbow_L": 10.0,
    "elbow_R": 10.0,
    "shoulder_L": 15.0,
    "shoulder_R": 15.0,
    "wrist_L": 15.0,
    "wrist_R": 15.0,
    "hip_L": 20.0,
    "hip_R": 20.0
  }
}