{
  "angles": {
    "elbow_L": 119.10350799560547,
    "elbow_R": 49.1513671875,
    "shoulder_L": 64.42411041259766,
    "shoulder_R": 34.147953033447266,
    "hip_L": 174.0170135498047,
    "hip_R": 178.8758544921875,
    "wrist_L": 174.35543823242188,
    "wrist_R": 176.53529357910156
  },
  "kp_img_norm": [
    [
      0.4423834979534149,
      0.5587465763092041,
      -0.3786754608154297
    ],
    [
      0.44982391595840454,
      0.5397098660469055,
      -0.33827659487724304
    ],
    [
      0.45416122674942017,
      0.5425636768341064,
      -0.33818843960762024
    ],
    [
      0.4580874741077423,
      0.5455752611160278,
      -0.3380284905433655
    ],
    [
      0.43606916069984436,
      0.5339603424072266,
      -0.3555296063423157
    ],
    [
      0.4298745393753052,
      0.5331371426582336,
      -0.3555968403816223
    ],
    [
      0.4234946668148041,
      0.5325740575790405,
      -0.3558220863342285
    ],
    [
      0.46158063411712646,
      0.5598987936973572,
      -0.13846024870872498
    ],
    [
      0.4096406102180481,
      0.5488203763961792,
      -0.2169705331325531
    ],
    [
      0.4490404725074768,
      0.586693286895752,
      -0.3074064254760742
    ],
    [
      0.429568350315094,
      0.582675576210022,
      -0.33067893981933594
    ],
    [
      0.48753029108047485,
      0.7043867111206055,
      0.015598522499203682
    ],
    [
      0.35755205154418945,
      0.6732244491577148,
      -0.1827774941921234
    ],
    [
      0.577131986618042,
      0.7557164430618286,
      0.07379574328660965
    ],
    [
      0.27484190464019775,
      0.8090637922286987,
      -0.3907318115234375
    ],
    [
      0.6711567640304565,
      0.6990203857421875,
      -0.0565338134765625
    ],
    [
      0.3712708652019501,
      0.7929061055183411,
      -0.631130039691925
    ],
    [
      0.7052303552627563,
      0.6812669038772583,
      -0.07248125970363617
    ],
    [
      0.39656534790992737,
      0.8021563291549683,
      -0.6804375648498535
    ],
    [
      0.7109352946281433,
      0.6693334579467773,
      -0.09532590210437775
    ],
    [
      0.4035351872444153,
      0.7854710817337036,
      -0.6558640003204346
    ],
    [
      0.6967774629592896,
      0.6745370030403137,
      -0.0736105889081955
    ],
    [
      0.3977139890193939,
      0.7830585241317749,
      -0.6247828006744385
    ],
    [
      0.4649392068386078,
      1.0097547769546509,
      0.009165254421532154
    ],
    [
      0.37536731362342834,
      1.0359959602355957,
      -0.007908478379249573
    ],
    [
      0.4739869236946106,
      1.30557119846344,
      0.01653517782688141
    ],
    [
      0.3834707736968994,
      1.3110443353652954,
      -0.0020891004242002964
    ],
    [
      0.4731985330581665,
      1.5510594844818115,
      0.2421579211950302
    ],
    [
      0.38831910490989685,
      1.5556716918945312,
      0.14425598084926605
    ],
    [
      0.4739174544811249,
      1.5834357738494873,
      0.2525302767753601
    ],
    [
      0.3846818804740906,
      1.5876810550689697,
      0.15164148807525635
    ],
    [
      0.4674081802368164,
      1.6302590370178223,
      0.05992288887500763
    ],
    [
      0.40441715717315674,
      1.6342207193374634,
      -0.07196786999702454
    ]
  ],
  "tolerances": {
    "elbow_L": 10.0,
    "elbow_R": 10.0,
    "shoulder_L": 15.0,
    "shoulder_R": 15.0,
    "wrist_L": 15.0,
    "wrist_R": 15.0,
    "hip_L": 20.0,
    "hip_R": 20.0
  }
}