{
  "angles": {
    "elbow_L": 123.84492492675781,
    "elbow_R": 141.9509735107422,
    "shoulder_L": 46.71080017089844,
    "shoulder_R": 27.13649559020996,
    "hip_L": 173.56820678710938,
    "hip_R": 179.2119140625,
    "wrist_L": 159.62452697753906,
    "wrist_R": 159.2167205810547
  },
  "kp_img_norm": [
    [
      0.4254266321659088,
      0.5426933765411377,
      -0.3093010187149048
    ],
    [
      0.4307652711868286,
      0.5240622758865356,
      -0.2743057906627655
    ],
    [
      0.43443024158477783,
      0.525368332862854,
      -0.27441585063934326
    ],
    [
      0.43837422132492065,
      0.5266568064689636,
      -0.2744660973548889
    ],
    [
      0.4165448546409607,
      0.5197348594665527,
      -0.29918986558914185
    ],
    [
      0.41025474667549133,
      0.5185108184814453,
      -0.2992285192012787
    ],
    [
      0.40437400341033936,
      0.5177887678146362,
      -0.2994123697280884
    ],
    [
      0.4402063488960266,
      0.5419301986694336,
      -0.09051857888698578
    ],
    [
      0.3913852274417877,
      0.5326904654502869,
      -0.19945436716079712
    ],
    [
      0.43147939443588257,
      0.5718709230422974,
      -0.23832640051841736
    ],
    [
      0.41210493445396423,
      0.5688298940658569,
      -0.26983949542045593
    ],
    [
      0.4573885500431061,
      0.6793515682220459,
      0.07924237847328186
    ],
    [
      0.36363446712493896,
      0.6483429670333862,
      -0.26987987756729126
    ],
    [
      0.5404866933822632,
      0.7658170461654663,
      0.05567900091409683
    ],
    [
      0.4337007999420166,
      0.7779250144958496,
      -0.44449514150619507
    ],
    [
      0.6395106315612793,
      0.7483254671096802,
      -0.13032467663288116
    ],
    [
      0.5543663501739502,
      0.8305182456970215,
      -0.51410311460495
    ],
    [
      0.6707742214202881,
      0.7340158224105835,
      -0.16212065517902374
    ],
    [
      0.5831605195999146,
      0.8444029092788696,
      -0.5676150918006897
    ],
    [
      0.6779773831367493,
      0.7257636189460754,
      -0.19592806696891785
    ],
    [
      0.5852612853050232,
      0.8320115208625793,
      -0.5562974810600281
    ],
    [
      0.6635081171989441,
      0.7327276468276978,
      -0.15348048508167267
    ],
    [
      0.5789961814880371,
      0.8245697617530823,
      -0.5108969211578369
    ],
    [
      0.44115573167800903,
      1.0055975914001465,
      0.07615058124065399
    ],
    [
      0.37141093611717224,
      1.0007697343826294,
      -0.07547737658023834
    ],
    [
      0.45523983240127563,
      1.230502724647522,
      0.009140233509242535
    ],
    [
      0.3803776800632477,
      1.251049518585205,
      -0.21561264991760254
    ],
    [
      0.4545808434486389,
      1.4863214492797852,
      0.13645337522029877
    ],
    [
      0.3860005736351013,
      1.5384502410888672,
      -0.14505788683891296
    ],
    [
      0.450387179851532,
      1.5230391025543213,
      0.13902080059051514
    ],
    [
      0.38007742166519165,
      1.579716682434082,
      -0.1460350751876831
    ],
    [
      0.4663783013820648,
      1.570303201675415,
      0.004562721122056246
    ],
    [
      0.4098999798297882,
      1.6200470924377441,
      -0.3248704671859741
    ]
  ],
  "tolerances": {
    "elbow_L": 10.0,
    "elbow_R": 10.0,
    "shoulder_L": 15.0,
    "shoulder_R": 15.0,
    "wrist_L": 15.0,
    "wrist_R": 15.0,
    "hip_L": 20.0,
    "hip_R": 20.0
  }
}