{
  "angles": {
    "elbow_L": 121.52085876464844,
    "elbow_R": 150.9416046142578,
    "shoulder_L": 49.09342575073242,
    "shoulder_R": 175.25379943847656,
    "hip_L": 178.30763244628906,
    "hip_R": 172.74111938476562,
    "wrist_L": 169.42189025878906,
    "wrist_R": 168.04383850097656
  },
  "kp_img_norm": [
    [
      0.4593279957771301,
      0.5653907060623169,
      -0.2024880349636078
    ],
    [
      0.4642287492752075,
      0.5459854006767273,
      -0.15917304158210754
    ],
    [
      0.4686603248119354,
      0.5480870008468628,
      -0.15913473069667816
    ],
    [
      0.4726848006248474,
      0.5498590469360352,
      -0.15916302800178528
    ],
    [
      0.44900524616241455,
      0.5408895015716553,
      -0.18307070434093475
    ],
    [
      0.4424512982368469,
      0.539368748664856,
      -0.182993084192276
    ],
    [
      0.4357302784919739,
      0.5376589298248291,
      -0.18303808569908142
    ],
    [
      0.46912384033203125,
      0.5640302896499634,
      0.03885694965720177
    ],
    [
      0.4188065528869629,
      0.5439319014549255,
      -0.06694290041923523
    ],
    [
      0.4624258577823639,
      0.5950047969818115,
      -0.13108128309249878
    ],
    [
      0.4472695589065552,
      0.591797947883606,
      -0.16212469339370728
    ],
    [
      0.4853450059890747,
      0.7134817838668823,
      0.1621655523777008
    ],
    [
      0.39118483662605286,
      0.6486626863479614,
      -0.15696212649345398
    ],
    [
      0.57412189245224,
      0.7925077676773071,
      0.18959423899650574
    ],
    [
      0.3901452422142029,
      0.48651719093322754,
      -0.4915921688079834
    ],
    [
      0.675115704536438,
      0.7620067000389099,
      0.12984658777713776
    ],
    [
      0.46376901865005493,
      0.351990669965744,
      -0.6639927625656128
    ],
    [
      0.7056615352630615,
      0.757466197013855,
      0.1317552924156189
    ],
    [
      0.48315539956092834,
      0.3260803818702698,
      -0.7310546040534973
    ],
    [
      0.7107194662094116,
      0.7435649633407593,
      0.08698378503322601
    ],
    [
      0.48475492000579834,
      0.3275468349456787,
      -0.6829210519790649
    ],
    [
      0.7004138231277466,
      0.7481998205184937,
      0.10556057095527649
    ],
    [
      0.4772968888282776,
      0.34024155139923096,
      -0.6556211709976196
    ],
    [
      0.4815977215766907,
      0.9931155443191528,
      0.056368738412857056
    ],
    [
      0.42143043875694275,
      0.9866639375686646,
      -0.05540524423122406
    ],
    [
      0.48653078079223633,
      1.2988042831420898,
      0.001637603621929884
    ],
    [
      0.4097888171672821,
      1.2974146604537964,
      -0.14802289009094238
    ],
    [
      0.489044189453125,
      1.5657060146331787,
      0.15122294425964355
    ],
    [
      0.4197540879249573,
      1.5716025829315186,
      -0.10718382894992828
    ],
    [
      0.4868566393852234,
      1.597151279449463,
      0.15599459409713745
    ],
    [
      0.4155213236808777,
      1.5995469093322754,
      -0.11110992729663849
    ],
    [
      0.4921501874923706,
      1.658631682395935,
      -0.022285599261522293
    ],
    [
      0.43088674545288086,
      1.6654231548309326,
      -0.3333384096622467
    ]
  ],
  "tolerances": {
    "elbow_L": 10.0,
    "elbow_R": 10.0,
    "shoulder_L": 15.0,
    "shoulder_R": 15.0,
    "wrist_L": 15.0,
    "wrist_R": 15.0,
    "hip_L": 20.0,
    "hip_R": 20.0
  }
}