{
  "angles": {
    "elbow_L": 113.74771881103516,
    "elbow_R": 149.70091247558594,
    "shoulder_L": 56.51796340942383,
    "shoulder_R": 33.40249252319336,
    "hip_L": 174.10171508789062,
    "hip_R": 178.48287963867188,
    "wrist_L": 169.7230224609375,
    "wrist_R": 161.23367309570312
  },
  "kp_img_norm": [
    [
      0.47776710987091064,
      0.5892900228500366,
      -0.3271981477737427
    ],
    [
      0.4862123131752014,
      0.569404661655426,
      -0.2971646785736084
    ],
    [
      0.4901779592037201,
      0.5713251233100891,
      -0.2970537543296814
    ],
    [
      0.4938097596168518,
      0.5730661153793335,
      -0.29689550399780273
    ],
    [
      0.4696659743785858,
      0.5642723441123962,
      -0.3074607253074646
    ],
    [
      0.4630316495895386,
      0.5631788372993469,
      -0.30738765001296997
    ],
    [
      0.45741236209869385,
      0.5628820657730103,
      -0.30762773752212524
    ],
    [
      0.49795740842819214,
      0.5856273770332336,
      -0.13297055661678314
    ],
    [
      0.44739478826522827,
      0.5755499005317688,
      -0.17986133694648743
    ],
    [
      0.48431384563446045,
      0.6172620058059692,
      -0.26713988184928894
    ],
    [
      0.4641328454017639,
      0.6159696578979492,
      -0.28089815378189087
    ],
    [
      0.5264550447463989,
      0.7231414318084717,
      -0.010706821456551552
    ],
    [
      0.3992069363594055,
      0.6872507333755493,
      -0.1521604061126709
    ],
    [
      0.6022628545761108,
      0.7876219749450684,
      0.08722373843193054
    ],
    [
      0.3274343013763428,
      0.7951499819755554,
      -0.216091126203537
    ],
    [
      0.6964011192321777,
      0.7419748902320862,
      0.04283817857503891
    ],
    [
      0.3189002573490143,
      0.9417304992675781,
      -0.3283209800720215
    ],
    [
      0.7271334528923035,
      0.727817177772522,
      0.04293316975235939
    ],
    [
      0.3145916163921356,
      1.0006271600723267,
      -0.3492059111595154
    ],
    [
      0.7271138429641724,
      0.7195414304733276,
      0.010966346599161625
    ],
    [
      0.3334217667579651,
      0.9943276643753052,
      -0.37139907479286194
    ],
    [
      0.7180604934692383,
      0.7273163795471191,
      0.02332897111773491
    ],
    [
      0.3352694511413574,
      0.9776986837387085,
      -0.3406471610069275
    ],
    [
      0.4882526397705078,
      1.0387473106384277,
      0.009526445530354977
    ],
    [
      0.3978687524795532,
      1.0225814580917358,
      -0.00835509691387415
    ],
    [
      0.4829663038253784,
      1.3405247926712036,
      0.06374899297952652
    ],
    [
      0.3885711431503296,
      1.327629566192627,
      0.002126612700521946
    ],
    [
      0.4692431092262268,
      1.5919785499572754,
      0.30385175347328186
    ],
    [
      0.380903959274292,
      1.580540418624878,
      0.17826604843139648
    ],
    [
      0.4685383439064026,
      1.6215041875839233,
      0.3176438510417938
    ],
    [
      0.3773760199546814,
      1.6138832569122314,
      0.18969300389289856
    ],
    [
      0.4584035277366638,
      1.6780176162719727,
      0.13081833720207214
    ],
    [
      0.38887548446655273,
      1.6574814319610596,
      -0.03448597714304924
    ]
  ],
  "tolerances": {
    "elbow_L": 10.0,
    "elbow_R": 10.0,
    "shoulder_L": 15.0,
    "shoulder_R": 15.0,
    "wrist_L": 15.0,
    "wrist_R": 15.0,
    "hip_L": 20.0,
    "hip_R": 20.0
  }
}