{
  "angles": {
    "elbow_L": 113.04928588867188,
    "elbow_R": 114.96792602539062,
    "shoulder_L": 53.31121063232422,
    "shoulder_R": 52.768585205078125,
    "hip_L": 38.65421676635742,
    "hip_R": 169.4990234375,
    "wrist_L": 167.3648681640625,
    "wrist_R": 167.16461181640625
  },
  "kp_img_norm": [
    [
      0.4234507977962494,
      0.5503989458084106,
      -0.23626165091991425
    ],
    [
      0.42834025621414185,
      0.5315806865692139,
      -0.20242242515087128
    ],
    [
      0.4322814643383026,
      0.5327020883560181,
      -0.2024969756603241
    ],
    [
      0.4360043406486511,
      0.5341147184371948,
      -0.20263251662254333
    ],
    [
      0.41433125734329224,
      0.5293262004852295,
      -0.22061903774738312
    ],
    [
      0.408001571893692,
      0.5289151072502136,
      -0.22070616483688354
    ],
    [
      0.4017316997051239,
      0.5286154747009277,
      -0.2208200991153717
    ],
    [
      0.43805205821990967,
      0.548474133014679,
      -0.033595167100429535
    ],
    [
      0.3888089060783386,
      0.5433307886123657,
      -0.11032762378454208
    ],
    [
      0.42964810132980347,
      0.5778166651725769,
      -0.1718277633190155
    ],
    [
      0.41242480278015137,
      0.5775907635688782,
      -0.19414249062538147
    ],
    [
      0.45528411865234375,
      0.6982702016830444,
      0.12186270952224731
    ],
    [
      0.3680364489555359,
      0.6546698808670044,
      -0.20292791724205017
    ],
    [
      0.5403870344161987,
      0.7650891542434692,
      0.0834493413567543
    ],
    [
      0.44950512051582336,
      0.7091538906097412,
      -0.40378063917160034
    ],
    [
      0.6218942999839783,
      0.7202554941177368,
      -0.03241352736949921
    ],
    [
      0.567621648311615,
      0.6374548673629761,
      -0.43187564611434937
    ],
    [
      0.6502906084060669,
      0.7035366892814636,
      -0.044695861637592316
    ],
    [
      0.5908539295196533,
      0.6222311854362488,
      -0.47003865242004395
    ],
    [
      0.6521081328392029,
      0.693572998046875,
      -0.06009022891521454
    ],
    [
      0.5914443731307983,
      0.6143739223480225,
      -0.43947839736938477
    ],
    [
      0.6393883228302002,
      0.6985231637954712,
      -0.045586735010147095
    ],
    [
      0.5850021839141846,
      0.6244924068450928,
      -0.420906126499176
    ],
    [
      0.44803160429000854,
      0.985062837600708,
      0.07712918519973755
    ],
    [
      0.38741397857666016,
      0.97535640001297,
      -0.0767679512500763
    ],
    [
      0.5045442581176758,
      0.9179586172103882,
      -0.15263631939888
    ],
    [
      0.3791566491127014,
      1.042191743850708,
      -0.31980985403060913
    ],
    [
      0.5017500519752502,
      1.2118213176727295,
      -0.07722314447164536
    ],
    [
      0.39668768644332886,
      1.315000057220459,
      -0.2613048553466797
    ],
    [
      0.49169743061065674,
      1.2567307949066162,
      -0.07254873961210251
    ],
    [
      0.3883240818977356,
      1.3499014377593994,
      -0.25688961148262024
    ],
    [
      0.5315986275672913,
      1.2796365022659302,
      -0.1565309464931488
    ],
    [
      0.4344031810760498,
      1.3848202228546143,
      -0.3667704463005066
    ]
  ],
  "tolerances": {
    "elbow_L": 10.0,
    "elbow_R": 10.0,
    "shoulder_L": 15.0,
    "shoulder_R": 15.0,
    "wrist_L": 15.0,
    "wrist_R": 15.0,
    "hip_L": 20.0,
    "hip_R": 20.0
  }
}