{
  "angles": {
    "elbow_L": 52.07482660878235,
    "elbow_R": 163.4880304284192,
    "shoulder_L": 50.891498554597014,
    "shoulder_R": 17.443242996572746,
    "hip_L": 179.4235875417393,
    "hip_R": 175.16701655442114,
    "wrist_L": 171.8136924834838,
    "wrist_R": 179.15396470660093
  },
  "kp_img_norm": [
    [
      0.4747393727302551,
      0.5076724290847778,
      -0.3539432883262634
    ],
    [
      0.48877209424972534,
      0.46177321672439575,
      -0.3222675323486328
    ],
    [
      0.498994916677475,
      0.45884180068969727,
      -0.3219125270843506
    ],
    [
      0.5090316534042358,
      0.4567849338054657,
      -0.32166624069213867
    ],
    [
      0.4610610902309418,
      0.4713711738586426,
      -0.31520333886146545
    ],
    [
      0.45295268297195435,
      0.47484973073005676,
      -0.31467968225479126
    ],
    [
      0.4470953345298767,
      0.47774630784988403,
      -0.3147833049297333
    ],
    [
      0.5256848931312561,
      0.4755995571613312,
      -0.1486995667219162
    ],
    [
      0.4434678256511688,
      0.5006917715072632,
      -0.11207990348339081
    ],
    [
      0.498417466878891,
      0.548331618309021,
      -0.29399794340133667
    ],
    [
      0.46459174156188965,
      0.5605206489562988,
      -0.2834378182888031
    ],
    [
      0.6256412267684937,
      0.7241495847702026,
      -0.05671311914920807
    ],
    [
      0.39077693223953247,
      0.754973292350769,
      -0.05764520913362503
    ],
    [
      0.7847769856452942,
      0.8636141419410706,
      -0.22077183425426483
    ],
    [
      0.3352029323577881,
      0.9907682538032532,
      -0.048413313925266266
    ],
    [
      0.8028514385223389,
      0.5506925582885742,
      -0.42367011308670044
    ],
    [
      0.350120484828949,
      1.2534666061401367,
      -0.25232863426208496
    ],
    [
      0.8131587505340576,
      0.4185641407966614,
      -0.4860307574272156
    ],
    [
      0.33863258361816406,
      1.3446770906448364,
      -0.28544214367866516
    ],
    [
      0.7895321846008301,
      0.3947073519229889,
      -0.44743040204048157
    ],
    [
      0.3553386330604553,
      1.3263236284255981,
      -0.3299160599708557
    ],
    [
      0.7775652408599854,
      0.44883084297180176,
      -0.4219525456428528
    ],
    [
      0.3639971911907196,
      1.2955408096313477,
      -0.2806687355041504
    ],
    [
      0.6022397875785828,
      1.3555939197540283,
      -0.02605452761054039
    ],
    [
      0.434064120054245,
      1.3470683097839355,
      0.02959718368947506
    ],
    [
      0.5883104801177979,
      1.8717474937438965,
      -0.07194100320339203
    ],
    [
      0.42819440364837646,
      1.863121509552002,
      -0.024471519514918327
    ],
    [
      0.5779703855514526,
      2.3424885272979736,
      0.18123501539230347
    ],
    [
      0.41755878925323486,
      2.3359432220458984,
      0.0895577222108841
    ],
    [
      0.5818391442298889,
      2.4095304012298584,
      0.1890043318271637
    ],
    [
      0.4151591658592224,
      2.403127908706665,
      0.08991798758506775
    ],
    [
      0.5494170784950256,
      2.4831557273864746,
      -0.1103191077709198
    ],
    [
      0.44209617376327515,
      2.4821982383728027,
      -0.24954968690872192
    ]
  ],
  "tolerances": {
    "elbow_L": 20.0,
    "elbow_R": 20.0,
    "shoulder_L": 15.0,
    "shoulder_R": 15.0,
    "wrist_L": 25.0,
    "wrist_R": 25.0,
    "hip_L": 20.0,
    "hip_R": 20.0
  }
}