{
  "angles": {
    "elbow_L": 174.67295837402344,
    "elbow_R": 169.71902465820312,
    "shoulder_L": 10.680984497070312,
    "shoulder_R": 15.168970108032227,
    "hip_L": 174.38523864746094,
    "hip_R": 176.83416748046875,
    "wrist_L": 176.7781982421875,
    "wrist_R": 178.30279541015625
  },
  "kp_img_norm": [
    [
      0.4875093698501587,
      0.5729647874832153,
      -0.4434560537338257
    ],
    [
      0.49554237723350525,
      0.5538809299468994,
      -0.4245089292526245
    ],
    [
      0.4998833239078522,
      0.5544066429138184,
      -0.4245465397834778
    ],
    [
      0.5040280818939209,
      0.5546103715896606,
      -0.42453381419181824
    ],
    [
      0.47952407598495483,
      0.5543626546859741,
      -0.4252769351005554
    ],
    [
      0.4732409715652466,
      0.555260419845581,
      -0.42525187134742737
    ],
    [
      0.46821850538253784,
      0.5565290451049805,
      -0.4254705309867859
    ],
    [
      0.5113967061042786,
      0.56761234998703,
      -0.26444119215011597
    ],
    [
      0.4602569341659546,
      0.5702946186065674,
      -0.26059502363204956
    ],
    [
      0.49786078929901123,
      0.5988749265670776,
      -0.383861780166626
    ],
    [
      0.4768398404121399,
      0.6005262136459351,
      -0.3832736611366272
    ],
    [
      0.5518878698348999,
      0.7029087543487549,
      -0.14651276171207428
    ],
    [
      0.42327409982681274,
      0.7047954201698303,
      -0.14616161584854126
    ],
    [
      0.573028564453125,
      0.8904789686203003,
      -0.06320365518331528
    ],
    [
      0.38810354471206665,
      0.8737396001815796,
      -0.09018826484680176
    ],
    [
      0.5758541822433472,
      1.0371739864349365,
      -0.18826928734779358
    ],
    [
      0.38494646549224854,
      0.9960287809371948,
      -0.26382625102996826
    ],
    [
      0.5801063776016235,
      1.0783361196517944,
      -0.22527411580085754
    ],
    [
      0.3772701621055603,
      1.04217529296875,
      -0.3093746602535248
    ],
    [
      0.5739811062812805,
      1.0878148078918457,
      -0.26483428478240967
    ],
    [
      0.385078489780426,
      1.0306676626205444,
      -0.35565704107284546
    ],
    [
      0.567818284034729,
      1.0673370361328125,
      -0.20959030091762543
    ],
    [
      0.39391815662384033,
      1.0125837326049805,
      -0.28654322028160095
    ],
    [
      0.5270389914512634,
      1.0372551679611206,
      -0.02850460261106491
    ],
    [
      0.44181883335113525,
      1.0160974264144897,
      0.029592163860797882
    ],
    [
      0.5337934494018555,
      1.3208540678024292,
      0.010274512693285942
    ],
    [
      0.4431007504463196,
      1.3178610801696777,
      0.049851804971694946
    ],
    [
      0.5323342084884644,
      1.5744242668151855,
      0.2645041346549988
    ],
    [
      0.4431573748588562,
      1.5744552612304688,
      0.23929329216480255
    ],
    [
      0.5336934924125671,
      1.609234094619751,
      0.2763995826244354
    ],
    [
      0.4430930018424988,
      1.6121896505355835,
      0.2507484257221222
    ],
    [
      0.5189449787139893,
      1.6517682075500488,
      0.0576116181910038
    ],
    [
      0.45022374391555786,
      1.647986650466919,
      0.009106680750846863
    ]
  ],
  "tolerances": {
    "elbow_L": 10.0,
    "elbow_R": 10.0,
    "shoulder_L": 15.0,
    "shoulder_R": 15.0,
    "wrist_L": 15.0,
    "wrist_R": 15.0,
    "hip_L": 20.0,
    "hip_R": 20.0
  }
}